wavelength,efficiency
0.931,2.1919007e-09
0.9311351,1.828837e-09
0.9312703,9.193326e-10
0.93140537,4.9972215e-10
0.93154055,1.0753421e-09
0.9316757,2.0084372e-09
0.9318108,2.2578963e-09
0.931946,1.5448447e-09
0.93208104,6.7862893e-10
0.9322162,6.4213224e-10
0.93235135,1.510984e-09
0.93248653,2.3226125e-09
0.9326216,2.1803062e-09
0.9327567,1.240142e-09
0.9328919,5.73561e-10
0.933027,9.376694e-10
0.9331622,1.9501383e-09
0.9332973,2.5054918e-09
0.9334324,1.9862256e-09
0.9335676,9.75557e-10
0.9337027,6.052069e-10
0.9338379,1.3208314e-09
0.93397295,2.3324769e-09
0.93410814,2.5571536e-09
0.93424326,1.7391192e-09
0.9343784,7.860377e-10
0.9345135,7.6500156e-10
0.93464863,1.7408525e-09
0.9347838,2.651064e-09
0.93491894,2.5122884e-09
0.93505406,1.4845346e-09
0.9351892,6.971346e-10
0.9353243,1.0402987e-09
0.9354595,2.1587947e-09
0.9355946,2.8650171e-09
0.93572974,2.394077e-09
0.93586487,1.2504155e-09
0.936,7.1068945e-10
0.9361352,1.3722261e-09
0.9362703,2.5580134e-09
0.9364054,2.9923006e-09
0.93654054,2.2269866e-09
0.93667567,1.0760779e-09
0.93681085,8.1627777e-10
0.936946,1.7475716e-09
0.9370811,2.8998732e-09
0.9372162,3.0431866e-09
0.93735135,2.0405087e-09
0.9374865,9.583371e-10
0.93762165,9.982551e-10
0.9377568,2.136126e-09
0.9378919,3.1967573e-09
0.938027,3.0550766e-09
0.9381622,1.874149e-09
0.9382973,9.177319e-10
0.9384324,1.2327117e-09
0.9385675,2.5080644e-09
0.9387027,3.4459948e-09
0.9388378,3.031725e-09
0.9389729,1.7336702e-09
0.9391081,9.2767505e-10
0.9392432,1.5069226e-09
0.9393784,2.8939635e-09
0.9395135,3.6555958e-09
0.9396486,3.001216e-09
0.93978375,1.6305668e-09
0.9399189,9.905171e-10
0.94005406,1.8025643e-09
0.9401892,3.24469e-09
0.9403243,3.841108e-09
0.94045943,2.970912e-09
0.94059455,1.5593902e-09
0.94072974,1.0903575e-09
0.9408648,2.0982105e-09
0.941,3.5686798e-09
0.9411351,4.011901e-09
0.94127023,2.9686997e-09
0.9414054,1.5359809e-09
0.9415405,1.2155629e-09
0.94167566,2.3993594e-09
0.9418108,3.886288e-09
0.9419459,4.188378e-09
0.9420811,3.0126117e-09
0.94221616,1.5509956e-09
0.94235134,1.3568374e-09
0.94248646,2.6683031e-09
0.94262165,4.1951265e-09
0.9427567,4.383602e-09
0.94289184,3.055587e-09
0.943027,1.5994955e-09
0.94316214,1.5094043e-09
0.9432973,2.9507554e-09
0.9434324,4.489904e-09
0.9435675,4.6137534e-09
0.9437027,3.1854313e-09
0.9438378,1.6791288e-09
0.943973,1.6534898e-09
0.94410807,3.1792897e-09
0.94424325,4.788694e-09
0.9443784,4.85916e-09
0.9445135,3.3414642e-09
0.9446486,1.7908919e-09
0.94478375,1.7885421e-09
0.94491893,3.4059304e-09
0.94505405,5.0860502e-09
0.94518924,5.168559e-09
0.9453243,3.5889751e-09
0.9454594,1.9629263e-09
0.9455946,1.9271016e-09
0.94572973,3.605615e-09
0.9458649,5.3745315e-09
0.946,5.514465e-09
0.9461351,3.9046806e-09
0.9462703,2.1552624e-09
0.9464054,2.0462174e-09
0.94654053,3.765419e-09
0.94667566,5.671304e-09
0.94681084,5.9245564e-09
0.94694597,4.2978323e-09
0.9470811,2.4126552e-09
0.9472162,2.1703215e-09
0.94735134,3.8846624e-09
0.9474865,5.94365e-09
0.94762164,6.382934e-09
0.94775677,4.7830886e-09
0.9478919,2.743253e-09
0.948027,2.2945064e-09
0.9481622,3.942525e-09
0.9482973,6.192984e-09
0.94843245,6.8774555e-09
0.94856757,5.389555e-09
0.9487027,3.1798082e-09
0.9488379,2.4342277e-09
0.948973,3.989395e-09
0.9491081,6.3998473e-09
0.94924325,7.407305e-09
0.9493784,6.0785297e-09
0.94951355,3.7225178e-09
0.9496487,2.635571e-09
0.9497838,3.974394e-09
0.9499189,6.53412e-09
0.95005405,7.956897e-09
0.9501892,6.914858e-09
0.9503243,4.4149213e-09
0.95045936,2.920324e-09
0.95059454,3.9337644e-09
0.9507297,6.611575e-09
0.95086485,8.470268e-09
0.9509999,7.834354e-09
0.9511351,5.297188e-09
0.9512702,3.3437462e-09
0.9514054,3.903935e-09
0.9515405,6.560717e-09
0.9516756,8.919289e-09
0.9518108,8.837674e-09
0.9519459,6.425435e-09
0.9520811,3.973218e-09
0.9522162,3.9226e-09
0.95235133,6.40968e-09
0.95248646,9.261296e-09
0.9526216,9.853246e-09
0.95275676,7.700639e-09
0.9528918,4.872445e-09
0.953027,4.0665173e-09
0.95316213,6.229601e-09
0.95329726,9.426292e-09
0.95343244,1.0853892e-08
0.9535675,9.2140615e-09
0.9537027,6.0957577e-09
0.9538378,4.4564636e-09
0.95397294,5.9754957e-09
0.9541081,9.4039185e-09
0.9542432,1.171914e-08
0.95437837,1.0886973e-08
0.9545135,7.674875e-09
0.9546486,5.19449e-09
0.95478374,5.8334093e-09
0.95491886,9.149028e-09
0.95505404,1.2358045e-08
0.95518917,1.2567316e-08
0.9553243,9.691584e-09
0.9554594,6.4100396e-09
0.95559454,5.8869003e-09
0.9557297,8.782802e-09
0.95586485,1.2652552e-08
0.956,1.4166597e-08
0.9561351,1.1992299e-08
0.9562702,8.223209e-09
0.9564054,6.416729e-09
0.9565405,8.406051e-09
0.95667565,1.26099104e-08
0.9568108,1.5495088e-08
0.9569459,1.4549012e-08
0.9570811,1.0738176e-08
0.9572162,7.614485e-09
0.9573513,8.192668e-09
0.95748645,1.2213964e-08
0.9576216,1.6374349e-08
0.95775676,1.709044e-08
0.95789194,1.38913485e-08
0.958027,9.7261506e-09
0.9581621,8.5469365e-09
0.9582973,1.16665575e-08
0.95843244,1.6648144e-08
0.9585676,1.930878e-08
0.9587027,1.7446396e-08
0.9588378,1.2872434e-08
0.958973,9.8378266e-09
0.9591081,1.1285363e-08
0.9592432,1.6368809e-08
0.95937836,2.0920321e-08
0.9595135,2.1161938e-08
0.95964867,1.711354e-08
0.9597838,1.2471236e-08
0.95991886,1.16606245e-08
0.96005404,1.5771711e-08
0.9601892,2.165854e-08
0.96032435,2.4500995e-08
0.9604595,2.20818e-08
0.9605946,1.6728368e-08
0.9607297,1.340499e-08
0.9608649,1.5471683e-08
0.961,2.161556e-08
0.9611351,2.7015787e-08
0.9612703,2.7315208e-08
0.9614054,2.2574733e-08
0.9615406,1.7123666e-08
0.9616757,1.6252686e-08
0.9618108,2.120423e-08
0.96194595,2.8337533e-08
0.9620811,3.209559e-08
0.96221626,2.9554988e-08
0.9623514,2.331138e-08
0.9624865,1.9155094e-08
0.9626216,2.1287375e-08
0.96275675,2.8689092e-08
0.96289194,3.5674326e-08
0.963027,3.698816e-08
0.9631622,3.1879296e-08
0.9632973,2.5233415e-08
0.96343243,2.333077e-08
0.9635676,2.8713783e-08
0.9637027,3.769697e-08
0.96383786,4.3587317e-08
0.963973,4.2049503e-08
0.9641081,3.495275e-08
0.9642433,2.905236e-08
0.96437836,3.0263305e-08
0.96451354,3.879698e-08
0.96464866,4.854818e-08
0.9647838,5.2483074e-08
0.9649189,4.8040338e-08
0.96505404,3.97604e-08
0.9651892,3.566585e-08
0.96532434,4.0550287e-08
0.96545947,5.181658e-08
0.9655946,6.160023e-08
0.9657297,6.30122e-08
0.9658649,5.5872004e-08
0.966,4.747889e-08
0.96613514,4.608405e-08
0.96627027,5.4969203e-08
0.9664054,6.872168e-08
0.9665406,7.783087e-08
0.96667576,7.656585e-08
0.9668108,6.7337815e-08
0.96694595,5.95682e-08
0.96708107,6.179944e-08
0.96721625,7.509244e-08
0.96735144,9.096065e-08
0.9674865,9.921375e-08
0.9676216,9.526137e-08
0.96775675,8.451874e-08
0.96789193,7.83652e-08
0.9680271,8.5147946e-08
0.9681622,1.02915905e-07
0.96829736,1.211894e-07
0.9684324,1.2858688e-07
0.9685676,1.2219054e-07
0.9687027,1.10561224e-07
0.96883786,1.07014756e-07
0.96897304,1.1913592e-07
0.9691081,1.4250658e-07
0.9692432,1.6373582e-07
0.96937835,1.7074788e-07
0.9695135,1.625452e-07
0.9696486,1.5074654e-07
0.9697838,1.5063387e-07
0.9699189,1.6942842e-07
0.97005403,1.9977924e-07
0.97018915,2.2546423e-07
0.9703243,2.3321965e-07
0.97045946,2.2414393e-07
0.97059464,2.1298219e-07
0.9707297,2.1753998e-07
0.97086483,2.4446604e-07
0.97099996,2.844893e-07
0.97113514,3.1693628e-07
0.9712702,3.2781102e-07
0.9714054,3.1924506e-07
0.9715405,3.096928e-07
0.97167563,3.2001623e-07
0.9718108,3.5772914e-07
0.9719459,4.1024404e-07
0.97208107,4.5427868e-07
0.97221625,4.7217375e-07
0.9723513,4.6669936e-07
0.9724865,4.5996643e-07
0.97262156,4.7758914e-07
0.97275674,5.286997e-07
0.9728919,5.99508e-07
0.97302705,6.61253e-07
0.9731621,6.919597e-07
0.97329724,6.9346225e-07
0.9734324,6.912372e-07
0.9735676,7.164581e-07
0.9737027,7.8392003e-07
0.97383785,8.7824975e-07
0.9739729,9.663536e-07
0.9741081,1.0194426e-06
0.9742433,1.034443e-06
0.9743784,1.0388113e-06
0.97451353,1.0715353e-06
0.9746486,1.1544878e-06
0.9747838,1.2780015e-06
0.97491896,1.4018755e-06
0.975054,1.4880716e-06
0.9751892,1.5257402e-06
0.97532433,1.5394414e-06
0.97545946,1.5759824e-06
0.97559464,1.6693598e-06
0.9757297,1.8178772e-06
0.9758649,1.9829001e-06
0.97599995,2.114383e-06
0.97613513,2.1855583e-06
0.9762702,2.2119523e-06
0.9764053,2.244076e-06
0.97654045,2.3312796e-06
0.9766756,2.4882474e-06
0.9768108,2.6854968e-06
0.97694594,2.8635998e-06
0.977081,2.9778628e-06
0.9772161,3.0205058e-06
0.9773513,3.037048e-06
0.9774865,3.0897024e-06
0.97762156,3.2178145e-06
0.97775674,3.4113457e-06
0.9778918,3.6152721e-06
0.978027,3.764644e-06
0.97816217,3.824735e-06
0.97829723,3.816948e-06
0.9784324,3.8030628e-06
0.97856754,3.845982e-06
0.97870266,3.968716e-06
0.97883785,4.139378e-06
0.9789729,4.290604e-06
0.9791081,4.3587634e-06
0.9792432,4.3291957e-06
0.97937834,4.2381575e-06
0.9795134,4.1523213e-06
0.9796486,4.12997e-06
0.9797838,4.1819144e-06
0.9799189,4.2669963e-06
0.980054,4.3185196e-06
0.9801891,4.2821493e-06
0.98032427,4.150338e-06
0.98045945,3.9617375e-06
0.9805946,3.7857424e-06
0.9807297,3.6686997e-06
0.9808648,3.622502e-06
0.98099995,3.6132935e-06
0.98113513,3.5849366e-06
0.98127025,3.49117e-06
0.9814054,3.3241483e-06
0.9815405,3.112718e-06
0.9816756,2.9039095e-06
0.9818108,2.749281e-06
0.98194593,2.6658092e-06
0.98208106,2.6426917e-06
0.9822162,2.6439461e-06
0.9823513,2.6302919e-06
0.9824865,2.5770755e-06
0.9826216,2.4877322e-06
0.98275673,2.386036e-06
0.98289186,2.3087885e-06
0.983027,2.2905347e-06
0.98316216,2.34516e-06
0.9832972,2.4655305e-06
0.9834324,2.620521e-06
0.98356754,2.7708656e-06
0.98370266,2.8827574e-06
0.98383784,2.9462788e-06
0.9839729,2.9742225e-06
0.9841081,3.0019703e-06
0.9842432,3.068295e-06
0.98437834,3.1967068e-06
0.9845135,3.3783408e-06
0.9846486,3.5781288e-06
0.98478377,3.746234e-06
0.9849189,3.835504e-06
0.985054,3.833458e-06
0.9851892,3.7578886e-06
0.98532426,3.6520412e-06
0.98545945,3.5630508e-06
0.98559463,3.5208739e-06
0.9857297,3.5242067e-06
0.9858648,3.5421006e-06
0.98599994,3.532817e-06
0.9861351,3.4626455e-06
0.9862703,3.3200868e-06
0.98640543,3.1236607e-06
0.9865405,2.9135026e-06
0.9866756,2.7304359e-06
0.9868108,2.6070784e-06
0.986946,2.5556903e-06
0.9870811,2.5702248e-06
0.9872162,2.6286937e-06
0.9873513,2.7040126e-06
0.9874865,2.7696797e-06
0.98762167,2.8111451e-06
0.9877567,2.8283623e-06
0.9878919,2.8351042e-06
0.988027,2.8566412e-06
0.98816216,2.9170035e-06
0.98829734,3.034991e-06
0.9884324,3.2050277e-06
0.9885676,3.4048307e-06
0.9887027,3.589132e-06
0.98883784,3.7168838e-06
0.988973,3.7605068e-06
0.9891081,3.7117006e-06
0.98924327,3.5889582e-06
0.9893784,3.4328532e-06
0.9895135,3.2852956e-06
0.9896486,3.1726674e-06
0.98978376,3.1031457e-06
0.98991895,3.068815e-06
0.9900541,3.04756e-06
0.9901892,3.0165654e-06
0.9903243,2.9618143e-06
0.99045944,2.8827194e-06
0.9905946,2.7900405e-06
0.99072975,2.7006577e-06
0.9908649,2.6399132e-06
0.991,2.6284974e-06
0.9911351,2.6804255e-06
0.9912703,2.8027434e-06
0.9914054,2.9800915e-06
0.99154055,3.1917652e-06
0.9916757,3.4007205e-06
0.9918108,3.5648393e-06
0.991946,3.6552233e-06
0.9920811,3.6579515e-06
0.9922162,3.579423e-06
0.99235135,3.4489624e-06
0.9924865,3.2996447e-06
0.99262166,3.1634268e-06
0.9927568,3.0630017e-06
0.9928919,2.999871e-06
0.99302703,2.9688329e-06
0.99316216,2.9556747e-06
0.99329734,2.9471994e-06
0.9934324,2.9349267e-06
0.9935676,2.9159135e-06
0.9937027,2.8931513e-06
0.99383783,2.8726433e-06
0.993973,2.8638417e-06
0.99410814,2.8783825e-06
0.99424326,2.927847e-06
0.9943784,3.017252e-06
0.9945135,3.1457007e-06
0.9946487,3.3014703e-06
0.99478376,3.452714e-06
0.99491894,3.570091e-06
0.99505407,3.6241768e-06
0.9951892,3.5976127e-06
0.9953244,3.4867767e-06
0.9954595,3.313977e-06
0.9955946,3.1076781e-06
0.99572974,2.901987e-06
0.99586487,2.7312387e-06
0.99600005,2.6194296e-06
0.9961352,2.5801503e-06
0.9962703,2.6193557e-06
0.99640536,2.7308995e-06
0.99654055,2.8977918e-06
0.9966757,3.1009702e-06
0.9968108,3.3014742e-06
0.9969459,3.4710786e-06
0.99708104,3.5781613e-06
0.9972162,3.6048239e-06
0.9973513,3.5505946e-06
0.9974865,3.4284467e-06
0.9976216,3.2663725e-06
0.9977567,3.0923586e-06
0.9978919,2.9381174e-06
0.99802697,2.820043e-06
0.99816215,2.753529e-06
0.9982973,2.740501e-06
0.9984324,2.7808417e-06
0.9985676,2.8688723e-06
0.99870265,2.98995e-06
0.9988378,3.1288728e-06
0.99897295,3.262547e-06
0.9991081,3.369832e-06
0.99924326,3.4299778e-06
0.9993784,3.4337204e-06
0.9995135,3.383005e-06
0.9996486,3.2904252e-06
0.99978375,3.1763345e-06
0.99991894,3.0578997e-06
1.0000541,2.956932e-06
1.0001892,2.880934e-06
1.0003242,2.8410261e-06
1.0004594,2.8389627e-06
1.0005946,2.876993e-06
1.0007298,2.9542764e-06
1.0008649,3.0610058e-06
1.0009999,3.182918e-06
1.0011351,3.3013687e-06
1.0012703,3.39168e-06
1.0014055,3.436187e-06
1.0015405,3.4242034e-06
1.0016757,3.3559984e-06
1.0018108,3.2462306e-06
1.001946,3.111747e-06
1.0020812,2.9760447e-06
1.0022162,2.8594454e-06
1.0023514,2.7750668e-06
1.0024865,2.7387134e-06
1.0026217,2.7561834e-06
1.0027568,2.8300337e-06
1.0028919,2.9552798e-06
1.0030271,3.1161997e-06
1.0031621,3.2924052e-06
1.0032973,3.4496577e-06
1.0034324,3.5636933e-06
1.0035676,3.6056047e-06
1.0037028,3.566119e-06
1.0038378,3.4487898e-06
1.003973,3.2746225e-06
1.0041081,3.0748226e-06
1.0042433,2.878885e-06
1.0043783,2.7173642e-06
1.0045135,2.613068e-06
1.0046487,2.5801362e-06
1.0047837,2.6230177e-06
1.0049189,2.7366168e-06
1.005054,2.9064483e-06
1.0051892,3.1106752e-06
1.0053244,3.311417e-06
1.0054594,3.483778e-06
1.0055946,3.5945409e-06
1.0057297,3.6246795e-06
1.0058649,3.5744056e-06
1.006,3.4576105e-06
1.0061351,3.3048645e-06
1.0062703,3.1452441e-06
1.0064054,3.0108927e-06
1.0065405,2.9166142e-06
1.0066757,2.8711152e-06
1.0068108,2.8683444e-06
1.006946,2.8960153e-06
1.007081,2.938937e-06
1.0072162,2.9808912e-06
1.0073513,3.0121105e-06
1.0074865,3.024729e-06
1.0076215,3.0177084e-06
1.0077567,2.9967428e-06
1.0078919,2.9724051e-06
1.008027,2.9615655e-06
1.0081621,2.9819846e-06
1.0082972,3.0462984e-06
1.0084324,3.157524e-06
1.0085676,3.3019517e-06
1.0087026,3.4556203e-06
1.0088377,3.5866292e-06
1.0089729,3.6598412e-06
1.0091081,3.6547478e-06
1.0092432,3.5666264e-06
1.0093783,3.406785e-06
1.0095135,3.2044702e-06
1.0096486,2.9958162e-06
1.0097837,2.8171378e-06
1.0099189,2.6916566e-06
1.010054,2.6316236e-06
1.0101892,2.6370913e-06
1.0103242,2.6956209e-06
1.0104594,2.787609e-06
1.0105946,2.8903773e-06
1.0107297,2.9825378e-06
1.0108649,3.0462136e-06
1.0109999,3.0756341e-06
1.0111351,3.0743106e-06
1.0112703,3.0576034e-06
1.0114053,3.0488036e-06
1.0115405,3.071898e-06
1.0116756,3.1428694e-06
1.0118108,3.2650426e-06
1.011946,3.420264e-06
1.012081,3.5786582e-06
1.0122162,3.7031389e-06
1.0123513,3.7594175e-06
1.0124865,3.729673e-06
1.0126216,3.617659e-06
1.0127568,3.4455595e-06
1.0128919,3.2499313e-06
1.013027,3.0686215e-06
1.0131621,2.9352436e-06
1.0132973,2.8584627e-06
1.0134325,2.8375807e-06
1.0135676,2.8532372e-06
1.0137026,2.8798706e-06
1.0138378,2.892768e-06
1.013973,2.8751854e-06
1.0141082,2.8221539e-06
1.0142432,2.742217e-06
1.0143783,2.6549635e-06
1.0145135,2.5822785e-06
1.0146487,2.5539457e-06
1.0147839,2.58698e-06
1.0149189,2.688009e-06
1.0150541,2.850323e-06
1.0151892,3.0465603e-06
1.0153244,3.2458586e-06
1.0154594,3.408416e-06
1.0155946,3.510048e-06
1.0157298,3.5425708e-06
1.0158648,3.5183616e-06
1.016,3.4687114e-06
1.0161351,3.4306975e-06
1.0162703,3.4357295e-06
1.0164053,3.4970813e-06
1.0165405,3.6041224e-06
1.0166757,3.726331e-06
1.0168108,3.81785e-06
1.016946,3.844807e-06
1.017081,3.7879533e-06
1.0172162,3.6525946e-06
1.0173514,3.4673412e-06
1.0174865,3.274863e-06
1.0176216,3.1134127e-06
1.0177567,3.010095e-06
1.0178919,2.9689406e-06
1.0180271,2.9717664e-06
1.0181621,2.986796e-06
1.0182972,2.9806001e-06
1.0184324,2.929447e-06
1.0185676,2.826189e-06
1.0187027,2.68432e-06
1.0188378,2.5292748e-06
1.018973,2.3959653e-06
1.019108,2.3103346e-06
1.0192432,2.2900867e-06
1.0193784,2.3342832e-06
1.0195135,2.4259923e-06
1.0196487,2.5354122e-06
1.0197837,2.6321625e-06
1.0199189,2.6939163e-06
1.0200541,2.7095505e-06
1.0201892,2.6888242e-06
1.0203243,2.6564273e-06
1.0204594,2.6459236e-06
1.0205946,2.6862244e-06
1.0207298,2.7958415e-06
1.0208648,2.965318e-06
1.0209999,3.1663071e-06
1.0211351,3.361919e-06
1.0212703,3.5110838e-06
1.0214053,3.5943524e-06
1.0215404,3.6087545e-06
1.0216756,3.5829755e-06
1.0218108,3.5597473e-06
1.021946,3.581017e-06
1.022081,3.6715608e-06
1.0222161,3.82713e-06
1.0223513,4.0153195e-06
1.0224864,4.185292e-06
1.0226216,4.2937204e-06
1.0227567,4.3158343e-06
1.0228919,4.2569427e-06
1.023027,4.1540347e-06
1.0231621,4.0586374e-06
1.0232973,4.016724e-06
1.0234324,4.048634e-06
1.0235676,4.1432877e-06
1.0237026,4.2594556e-06
1.0238378,4.3436103e-06
1.023973,4.3534656e-06
1.024108,4.2756465e-06
1.0242432,4.1260823e-06
1.0243783,3.952166e-06
1.0245135,3.8077078e-06
1.0246487,3.7276875e-06
1.0247837,3.722925e-06
1.0249189,3.768427e-06
1.025054,3.8159696e-06
1.0251892,3.81866e-06
1.0253243,3.74579e-06
1.0254594,3.5970522e-06
1.0255946,3.404796e-06
1.0257297,3.2148391e-06
1.0258648,3.0736455e-06
1.026,3.0027259e-06
1.0261352,2.9949713e-06
1.0262703,3.0153246e-06
1.0264053,3.0195226e-06
1.0265405,2.969173e-06
1.0266757,2.8512047e-06
1.0268109,2.6831435e-06
1.026946,2.4982685e-06
1.027081,2.3423124e-06
1.0272162,2.24279e-06
1.0273514,2.2048202e-06
1.0274866,2.2090924e-06
1.0276216,2.2181307e-06
1.0277567,2.1952458e-06
1.0278919,2.1180967e-06
1.028027,1.990201e-06
1.0281621,1.8371236e-06
1.0282973,1.6937869e-06
1.0284325,1.5914053e-06
1.0285676,1.542159e-06
1.0287027,1.5376673e-06
1.0288378,1.551197e-06
1.028973,1.5500872e-06
1.029108,1.5098113e-06
1.0292432,1.4252544e-06
1.0293784,1.3101645e-06
1.0295135,1.1912351e-06
1.0296487,1.0992354e-06
1.0297837,1.0470714e-06
1.0299189,1.0381666e-06
1.0300541,1.0528944e-06
1.0301892,1.0655928e-06
1.0303243,1.052305e-06
1.0304594,1.0028676e-06
1.0305946,9.221822e-07
1.0307298,8.3104504e-07
1.0308648,7.523543e-07
1.031,7.035512e-07
1.0311351,6.9120017e-07
1.0312703,7.0451847e-07
1.0314054,7.2362457e-07
1.0315405,7.27719e-07
1.0316756,7.033304e-07
1.0318108,6.5129547e-07
1.031946,5.8302805e-07
1.0320811,5.186161e-07
1.0322162,4.7500757e-07
1.0323514,4.6028285e-07
1.0324864,4.7018167e-07
1.0326216,4.907358e-07
1.0327568,5.041641e-07
1.0328919,4.9713736e-07
1.033027,4.6583725e-07
1.0331621,4.1672192e-07
1.0332973,3.6536002e-07
1.0334325,3.2712032e-07
1.0335675,3.1031078e-07
1.0337027,3.1563516e-07
1.0338378,3.3449706e-07
1.033973,3.520148e-07
1.0341082,3.560286e-07
1.0342432,3.3986532e-07
1.0343784,3.0652674e-07
1.0345135,2.6644167e-07
1.0346487,2.3195945e-07
1.0347837,2.138325e-07
1.0349188,2.1498636e-07
1.035054,2.2995992e-07
1.0351892,2.4847643e-07
1.0353243,2.5874422e-07
1.0354594,2.533469e-07
1.0355945,2.3210382e-07
1.0357296,2.0113806e-07
1.0358648,1.7137663e-07
1.036,1.5239108e-07
1.0361351,1.4929904e-07
1.0362703,1.6008157e-07
1.0364053,1.7689976e-07
1.0365405,1.9050972e-07
1.0366757,1.9265362e-07
1.0368108,1.8072488e-07
1.0369459,1.5783651e-07
1.037081,1.3264292e-07
1.0372162,1.1350293e-07
1.0373514,1.06612426e-07
1.0374864,1.1257423e-07
1.0376216,1.2686675e-07
1.0377567,1.4134783e-07
1.0378919,1.4858418e-07
1.038027,1.4407031e-07
1.0381621,1.2869425e-07
1.0382973,1.0798305e-07
1.0384324,8.9119055e-08
1.0385675,7.924042e-08
1.0387027,8.0535784e-08
1.0388378,9.102781e-08
1.038973,1.0521053e-07
1.039108,1.1529796e-07
1.0392432,1.1653851e-07
1.0393784,1.0752715e-07
1.0395135,9.1286815e-08
1.0396487,7.412208e-08
1.0397837,6.2121195e-08
1.0399189,5.9231905e-08
1.0400541,6.579301e-08
1.0401891,7.772877e-08
1.0403243,8.904989e-08
1.0404594,9.470796e-08
1.0405946,9.14139e-08
1.0407296,8.025256e-08
1.0408648,6.51758e-08
1.041,5.2092272e-08
1.0411351,4.5678174e-08
1.0412703,4.7780492e-08
1.0414053,5.6606385e-08
1.0415405,6.793714e-08
1.0416757,7.632513e-08
1.0418109,7.785435e-08
1.0419459,7.159462e-08
1.042081,5.9909105e-08
1.0422162,4.7038384e-08
1.0423514,3.788298e-08
1.0424864,3.5857948e-08
1.0426216,4.0990386e-08
1.0427567,5.0649874e-08
1.0428919,6.016625e-08
1.043027,6.553043e-08
1.0431621,6.398346e-08
1.0432973,5.6089196e-08
1.0434324,4.4773593e-08
1.0435675,3.4457585e-08
1.0437027,2.8891595e-08
1.0438378,2.9944562e-08
1.043973,3.674479e-08
1.0441082,4.589504e-08
1.0442432,5.3623673e-08
1.0443783,5.6259914e-08
1.0445135,5.271933e-08
1.0446486,4.4201844e-08
1.0447838,3.38215e-08
1.0449189,2.5949062e-08
1.045054,2.3120988e-08
1.0451891,2.6206742e-08
1.0453243,3.351929e-08
1.0454595,4.192841e-08
1.0455946,4.7715464e-08
1.0457298,4.832557e-08
1.0458648,4.3404036e-08
1.046,3.493485e-08
1.0461352,2.6143885e-08
1.0462703,2.0207919e-08
1.0464054,1.9352806e-08
1.0465405,2.3585711e-08
1.0466757,3.1034226e-08
1.0468109,3.839965e-08
1.0469459,4.2461743e-08
1.0470811,4.166834e-08
1.0472162,3.6172263e-08
1.0473514,2.8125855e-08
1.0474865,2.0510882e-08
1.0476216,1.624211e-08
1.0477568,1.6755964e-08
1.0478919,2.168476e-08
1.048027,2.8703285e-08
1.0481622,3.5039083e-08
1.0482973,3.7887002e-08
1.0484325,3.6108e-08
1.0485675,3.043424e-08
1.0487027,2.2906915e-08
1.0488378,1.6519941e-08
1.0489728,1.3415368e-08
1.049108,1.4831701e-08
1.0492432,1.992126e-08
1.0493784,2.6483798e-08
1.0495135,3.187476e-08
1.0496486,3.392094e-08
1.0497837,3.1659788e-08
1.0499189,2.60757e-08
1.0500541,1.9118119e-08
1.0501891,1.3613929e-08
1.0503243,1.13547065e-08
1.0504594,1.3232875e-08
1.0505946,1.8274514e-08
1.0507298,2.4392389e-08
1.0508648,2.9100866e-08
1.051,3.0568877e-08
1.0511351,2.809509e-08
1.0512702,2.2774314e-08
1.0514054,1.637925e-08
1.0515405,1.1429471e-08
1.0516757,9.7427515e-09
1.0518107,1.1723232e-08
1.0519459,1.659505e-08
1.0520811,2.2303128e-08
1.0522162,2.6541214e-08
1.0523514,2.7719716e-08
1.0524864,2.5300292e-08
1.0526216,2.0171676e-08
1.0527567,1.4373092e-08
1.0528919,9.877609e-09
1.053027,8.4267135e-09
1.0531621,1.0404233e-08
1.0532973,1.4912521e-08
1.0534323,2.027097e-08
1.0535675,2.4222993e-08
1.0537027,2.5340917e-08
1.0538378,2.3170939e-08
1.053973,1.8483174e-08
1.054108,1.3022155e-08
1.0542432,8.777774e-09
1.0543784,7.3267605e-09
1.0545135,9.035115e-09
1.0546486,1.325439e-08
1.0547837,1.822716e-08
1.0549189,2.2074643e-08
1.0550541,2.3320592e-08
1.0551891,2.1500977e-08
1.0553243,1.7286292e-08
1.0554594,1.2150229e-08
1.0555946,8.026156e-09
1.0557297,6.4103216e-09
1.0558648,7.761806e-09
1.056,1.1501729e-08
1.056135,1.6285407e-08
1.0562702,2.005716e-08
1.0564054,2.1544105e-08
1.0565405,2.0189198e-08
1.0566757,1.6418616e-08
1.0568107,1.1650449e-08
1.0569459,7.615404e-09
1.0570811,5.703196e-09
1.0572162,6.555387e-09
1.0573514,9.806315e-09
1.0574865,1.4170135e-08
1.0576216,1.8017488e-08
1.0577567,1.9916833e-08
1.0578918,1.9135813e-08
1.058027,1.6019264e-08
1.0581622,1.1560745e-08
1.0582973,7.514542e-09
1.0584323,5.218091e-09
1.0585675,5.4637455e-09
1.0587027,8.128134e-09
1.0588379,1.2136102e-08
1.058973,1.6014274e-08
1.059108,1.8326414e-08
1.0592432,1.824224e-08
1.0593784,1.578594e-08
1.0595136,1.1787546e-08
1.0596486,7.748871e-09
1.0597837,5.0362745e-09
1.059919,4.582603e-09
1.0600541,6.506728e-09
1.0601892,1.0025949e-08
1.0603243,1.3928397e-08
1.0604594,1.6679252e-08
1.0605947,1.7329343e-08
1.0607297,1.5647926e-08
1.0608649,1.2219315e-08
1.061,8.281903e-09
1.061135,5.154891e-09
1.0612704,3.9796424e-09
1.0614054,5.0913735e-09
1.0615406,7.995669e-09
1.0616757,1.1742129e-08
1.0618107,1.486464e-08
1.061946,1.628761e-08
1.0620811,1.5501877e-08
1.0622162,1.27807604e-08
1.0623513,9.076328e-09
1.0624864,5.6958718e-09
1.0626216,3.7569845e-09
1.0627568,3.9525236e-09
1.0628918,6.098195e-09
1.0630269,9.455787e-09
1.0631621,1.28622375e-08
1.0632973,1.4989798e-08
1.0634325,1.5154612e-08
1.0635675,1.332864e-08
1.0637026,1.0100082e-08
1.0638379,6.5944348e-09
1.063973,4.0138866e-09
1.0641081,3.2263545e-09
1.0642432,4.460504e-09
1.0643783,7.2398305e-09
1.0645136,1.0619055e-08
1.0646486,1.3331019e-08
1.0647837,1.44692835e-08
1.0649189,1.3641005e-08
1.0650539,1.1165243e-08
1.0651892,7.828845e-09
1.0653243,4.758979e-09
1.0654594,3.0792486e-09
1.0655946,3.2337228e-09
1.0657296,5.166815e-09
1.0658649,8.245734e-09
1.066,1.1270163e-08
